order_id,customer_id,order_ts,status,payment_method,total_amount,currency,arq_data_ingest,data_carga,sales_channel
O000030,C00072,2025-12-02 12:29:00,created,credit_card,273.68,BRL,2025-12-02,2026-03-28T22:53:58.607Z,app
O000050,C00046,2025-12-02 22:59:00,shipped,credit_card,37.68,BRL,2025-12-02,2026-03-28T22:53:58.607Z,
O000089,C00073,02/12/2025 11:24,DELIVERED,credit_card,318.03,BRL,2025-12-02,2026-03-28T22:53:58.607Z,marketplace
O000020,C00105,02/12/2025 05:08,created,credit_card,293.94,BRL,2025-12-02,2026-03-28T22:53:58.607Z,
O000091,C00043,2025-12-02 11:34:00,created,pix,931.73,BRL,2025-12-02,2026-03-28T22:53:58.607Z,
O000028,C00006,02/12/2025 04:47,shipped,credit_card,237.69,BRL,2025-12-02,2026-03-28T22:53:58.607Z,web
O000009,C00113,02/12/2025 05:06,DELIVERED,pix,208.17,BRL,2025-12-02,2026-03-28T22:53:58.607Z,app
O000054,C00032,02/12/2025 15:13,paid,boleto,270.76,BRL,2025-12-02,2026-03-28T22:53:58.607Z,
O000053,C00068,2025-12-02 11:01:00,shipped,credit_card,280.99,BRL,2025-12-02,2026-03-28T22:53:58.607Z,WEB
O000043,C00069,2025-12-02 09:08:00,created,pix,196.52,BRL,2025-12-02,2026-03-28T22:53:58.607Z,WEB
O000070,C00116,2025-12-02 22:55:00,created,credit_card,121.54,BRL,2025-12-02,2026-03-28T22:53:58.607Z,app
O000060,C00042,2025-12-02 05:11:00,,,228.65,BRL,2025-12-02,2026-03-28T22:53:58.607Z,
O000103,C00079,02/12/2025 14:32,,pix,222.51,BRL,2025-12-02,2026-03-28T22:53:58.607Z,WEB
O000008,C00099,02/12/2025 18:02,created,boleto,219.92,BRL,2025-12-02,2026-03-28T22:53:58.607Z,app
O000027,C00093,02/12/2025 15:23,,pix,386.6,BRL,2025-12-02,2026-03-28T22:53:58.607Z,WEB
O000098,C00052,02/12/2025 12:34,delivered,credit_card,225.7,BRL,2025-12-02,2026-03-28T22:53:58.607Z,
O000109,C00017,2025-12-02 00:34:00,cancelled,pix,0.0,BRL,2025-12-02,2026-03-28T22:53:58.607Z,marketplace
O000075,C00076,,shipped,,138.19,BRL,2025-12-02,2026-03-28T22:53:58.607Z,marketplace
O000090,C00044,2025-12-02 01:32:00,shipped,pix,194.72,BRL,2025-12-02,2026-03-28T22:53:58.607Z,WEB
O000003,C00110,2025-12-02 20:30:00,shipped,boleto,233.42,BRL,2025-12-02,2026-03-28T22:53:58.607Z,web
O000074,C00113,02/12/2025 05:52,delivered,debit_card,322.55,BRL,2025-12-02,2026-03-28T22:53:58.607Z,
O000049,C00100,02/12/2025 15:02,created,credit_card,234.74,,2025-12-02,2026-03-28T22:53:58.607Z,
O000062,C00115,2025-12-02 22:35:00,created,credit_card,31.14,USD,2025-12-02,2026-03-28T22:53:58.607Z,
O000001,C00092,2025-12-02 14:21:00,paid,pix,78.45,BRL,2025-12-02,2026-03-28T22:53:58.607Z,
O000046,C00017,02/12/2025 02:38,delivered,credit_card,337.46,BRL,2025-12-02,2026-03-28T22:53:58.607Z,
O2000001,C00116,2025-12-02 15:56:00,paid,boleto,190.8,BRL,2025-12-02,2026-03-28T22:53:58.607Z,marketplace
O2000002,C00054,2025-12-02 00:23:00,delivered,debit_card,249.27,BRL,2025-12-02,2026-03-28T22:53:58.607Z,
O2000003,C00116,2025-12-02 06:43:00,,credit_card,173.15,BRL,2025-12-02,2026-03-28T22:53:58.607Z,app
,C00080,2025-12-02 13:24:00,created,credit_card,137.73,BRL,2025-12-02,2026-03-28T22:53:58.607Z,
O2000005,C00072,2025-12-02 08:35:00,delivered,boleto,177.98,BRL,2025-12-02,2026-03-28T22:53:58.607Z,
O2000006,C00072,02/12/2025 12:11,shipped,credit_card,0.0,BRL,2025-12-02,2026-03-28T22:53:58.607Z,app
O2000007,C00120,2025-12-02 23:07:00,cancelled,boleto,224.5,BRL,2025-12-02,2026-03-28T22:53:58.607Z,
O2000008,C00009,,paid,credit_card,418.53,BRL,2025-12-02,2026-03-28T22:53:58.607Z,app
O2000009,C00017,2025-12-02 08:51:00,delivered,pix,58.1,BRL,2025-12-02,2026-03-28T22:53:58.607Z,
O2000010,C00068,02/12/2025 15:55,delivered,credit_card,66.33,BRL,2025-12-02,2026-03-28T22:53:58.607Z,marketplace
O2000011,C00038,2025-12-02 02:31:00,DELIVERED,pix,189.13,BRL,2025-12-02,2026-03-28T22:53:58.607Z,app
,C00004,02/12/2025 15:46,delivered,pix,325.02,BRL,2025-12-02,2026-03-28T22:53:58.607Z,web
O2000013,C00070,2025-12-02 10:07:00,shipped,pix,372.94,BRL,2025-12-02,2026-03-28T22:53:58.607Z,app
O2000014,C00095,,delivered,credit_card,142.15,BRL,2025-12-02,2026-03-28T22:53:58.607Z,
O2000015,C00013,2025-12-02 21:13:00,cancelled,boleto,11.15,BRL,2025-12-02,2026-03-28T22:53:58.607Z,
O2000016,C00099,2025-12-02 19:00:00,shipped,debit_card,145.85,BRL,2025-12-02,2026-03-28T22:53:58.607Z,WEB
O2000017,C00075,,created,credit_card,294.57,BRL,2025-12-02,2026-03-28T22:53:58.607Z,
O2000018,C00085,2025-12-02 09:37:00,DELIVERED,credit_card,221.5,USD,2025-12-02,2026-03-28T22:53:58.607Z,WEB
O2000019,C00033,2025-12-02 05:34:00,delivered,credit_card,333.03,BRL,2025-12-02,2026-03-28T22:53:58.607Z,app
O2000020,C00019,2025-12-02 15:31:00,delivered,pix,483.02,BRL,2025-12-02,2026-03-28T22:53:58.607Z,marketplace
O2000021,C00026,02/12/2025 04:54,paid,pix,199.0,BRL,2025-12-02,2026-03-28T22:53:58.607Z,web
O2000022,C00062,02/12/2025 12:34,delivered,pix,158.9,BRL,2025-12-02,2026-03-28T22:53:58.607Z,
O2000023,C00040,2025-12-02 23:14:00,paid,credit_card,108.0,BRL,2025-12-02,2026-03-28T22:53:58.607Z,
O2000024,C00026,2025-12-02 03:05:00,delivered,credit_card,65.96,BRL,2025-12-02,2026-03-28T22:53:58.607Z,WEB
O2000025,C00050,2025-12-02 21:09:00,created,pix,49.93,BRL,2025-12-02,2026-03-28T22:53:58.607Z,
O2000026,C00045,2025-12-02 10:36:00,delivered,pix,131.24,BRL,2025-12-02,2026-03-28T22:53:58.607Z,marketplace
O2000027,C00054,2025-12-02 21:31:00,refunded,,441.41,BRL,2025-12-02,2026-03-28T22:53:58.607Z,WEB
O2000028,C00007,2025-12-02 21:00:00,created,credit_card,354.54,BRL,2025-12-02,2026-03-28T22:53:58.607Z,
O2000029,C00090,2025-12-02 08:49:00,,pix,153.15,BRL,2025-12-02,2026-03-28T22:53:58.607Z,app
O2000030,C00088,02/12/2025 00:20,shipped,credit_card,0.0,BRL,2025-12-02,2026-03-28T22:53:58.607Z,
O2000031,C00112,,cancelled,credit_card,138.65,BRL,2025-12-02,2026-03-28T22:53:58.607Z,marketplace
O2000032,C00094,02/12/2025 14:26,delivered,boleto,512.38,BRL,2025-12-02,2026-03-28T22:53:58.607Z,
O2000033,C00089,02/12/2025 13:13,shipped,pix,589.93,BRL,2025-12-02,2026-03-28T22:53:58.607Z,
O2000034,C00105,2025-12-02 01:39:00,delivered,PIX,308.19,BRL,2025-12-02,2026-03-28T22:53:58.607Z,
O2000035,C00043,2025-12-02 12:31:00,cancelled,credit_card,130.25,BRL,2025-12-02,2026-03-28T22:53:58.607Z,
O2000036,C00065,02/12/2025 07:57,shipped,credit_card,NaN,BRL,2025-12-02,2026-03-28T22:53:58.607Z,WEB
O2000037,C00085,2025-12-02 22:01:00,paid,boleto,255.66,BRL,2025-12-02,2026-03-28T22:53:58.607Z,
O2000038,C00112,02/12/2025 15:39,delivered,pix,67.77,BRL,2025-12-02,2026-03-28T22:53:58.607Z,
O2000039,C00039,2025-12-02 08:45:00,delivered,credit_card,99.48,,2025-12-02,2026-03-28T22:53:58.607Z,marketplace
O2000040,C00011,2025-12-02 05:33:00,delivered,credit_card,92.47,BRL,2025-12-02,2026-03-28T22:53:58.607Z,WEB
O2000041,C00061,2025-12-02 00:01:00,delivered,credit_card,324.01,BRL,2025-12-02,2026-03-28T22:53:58.607Z,
O2000042,C00107,2025-12-02 06:14:00,shipped,debit_card,480.06,BRL,2025-12-02,2026-03-28T22:53:58.607Z,web
O2000043,C00088,02/12/2025 04:52,delivered,credit_card,363.76,BRL,2025-12-02,2026-03-28T22:53:58.607Z,web
O2000044,C00043,02/12/2025 13:56,created,credit_card,430.2,BRL,2025-12-02,2026-03-28T22:53:58.607Z,marketplace
O2000045,C00071,2025-12-02 16:44:00,shipped,credit_card,121.42,brl,2025-12-02,2026-03-28T22:53:58.607Z,app
O2000046,C00048,02/12/2025 09:12,created,credit_card,175.15,BRL,2025-12-02,2026-03-28T22:53:58.607Z,app
O2000047,C00040,2025-12-02 05:17:00,paid,credit_card,185.34,BRL,2025-12-02,2026-03-28T22:53:58.607Z,WEB
O2000048,C00009,02/12/2025 06:20,paid,pix,307.36,BRL,2025-12-02,2026-03-28T22:53:58.607Z,WEB
O2000049,C00086,02/12/2025 00:13,paid,credit_card,134.19,BRL,2025-12-02,2026-03-28T22:53:58.607Z,WEB
O2000050,C00025,02/12/2025 08:23,delivered,boleto,413.15,BRL,2025-12-02,2026-03-28T22:53:58.607Z,app
O2000051,C00079,02/12/2025 03:50,paid,credit_card,579.66,BRL,2025-12-02,2026-03-28T22:53:58.607Z,web
O2000052,C00012,2025-12-02 18:27:00,shipped,pix,318.0,BRL,2025-12-02,2026-03-28T22:53:58.607Z,app
O2000053,C00030,2025-12-02 02:09:00,paid,debit_card,169.34,BRL,2025-12-02,2026-03-28T22:53:58.607Z,
O2000054,C00091,02/12/2025 13:57,paid,pix,112.66,BRL,2025-12-02,2026-03-28T22:53:58.607Z,
O2000055,C00004,2025-12-02 19:28:00,paid,pix,92.66,brl,2025-12-02,2026-03-28T22:53:58.607Z,WEB
O2000056,C00024,02/12/2025 14:50,created,credit_card,31.54,BRL,2025-12-02,2026-03-28T22:53:58.607Z,web
O2000057,C00056,2025-12-02 00:27:00,delivered,credit_card,189.65,BRL,2025-12-02,2026-03-28T22:53:58.607Z,marketplace
O2000058,C00025,2025-12-02 01:05:00,delivered,pix,181.61,BRL,2025-12-02,2026-03-28T22:53:58.607Z,marketplace
O2000059,C00091,2025-12-02 19:46:00,delivered,PIX,396.76,BRL,2025-12-02,2026-03-28T22:53:58.607Z,
O2000060,C00102,2025-12-02 20:52:00,shipped,pix,141.36,BRL,2025-12-02,2026-03-28T22:53:58.607Z,web
O2000061,C00062,2025-12-02 04:20:00,paid,pix,197.7,BRL,2025-12-02,2026-03-28T22:53:58.607Z,app
O2000062,C00098,02/12/2025 07:39,cancelled,boleto,273.6,BRL,2025-12-02,2026-03-28T22:53:58.607Z,app
O2000063,C00060,2025-12-02 05:00:00,shipped,pix,314.52,,2025-12-02,2026-03-28T22:53:58.607Z,
O2000064,C00105,2025-12-02 15:18:00,shipped,credit_card,367.38,BRL,2025-12-02,2026-03-28T22:53:58.607Z,
O2000065,C00089,2025-12-02 22:06:00,created,pix,255.01,USD,2025-12-02,2026-03-28T22:53:58.607Z,app
O2000066,C00076,2025-12-02 04:46:00,paid,,199.9,BRL,2025-12-02,2026-03-28T22:53:58.607Z,marketplace
O2000067,C00047,02/12/2025 23:38,paid,credit_card,296.13,BRL,2025-12-02,2026-03-28T22:53:58.607Z,WEB
O2000068,C00002,02/12/2025 17:13,paid,pix,133.28,BRL,2025-12-02,2026-03-28T22:53:58.607Z,marketplace
O2000069,C00118,2025-12-02 10:29:00,shipped,credit_card,494.53,BRL,2025-12-02,2026-03-28T22:53:58.607Z,
O2000070,C00102,02/12/2025 04:29,shipped,pix,227.51,,2025-12-02,2026-03-28T22:53:58.607Z,
O2000071,C00044,2025-12-02 09:51:00,delivered,credit_card,265.84,BRL,2025-12-02,2026-03-28T22:53:58.607Z,app
O2000072,C00027,02/12/2025 14:03,delivered,pix,978.59,BRL,2025-12-02,2026-03-28T22:53:58.607Z,
O2000073,C00080,02/12/2025 14:21,delivered,boleto,371.6,BRL,2025-12-02,2026-03-28T22:53:58.607Z,
O2000074,C00034,2025-12-02 23:04:00,delivered,credit_card,292.48,BRL,2025-12-02,2026-03-28T22:53:58.607Z,WEB
O2000075,C00066,2025-12-02 21:20:00,,pix,202.06,BRL,2025-12-02,2026-03-28T22:53:58.607Z,app
O2000076,C00090,2025-12-02 02:12:00,created,boleto,77.26,,2025-12-02,2026-03-28T22:53:58.607Z,WEB
O2000077,C00039,2025-12-02 21:39:00,paid,debit_card,191.45,BRL,2025-12-02,2026-03-28T22:53:58.607Z,app
O2000078,C00070,2025-12-02 16:11:00,created,credit_card,111.49,BRL,2025-12-02,2026-03-28T22:53:58.607Z,WEB
O2000079,C00032,02/12/2025 08:32,delivered,credit_card,624.47,BRL,2025-12-02,2026-03-28T22:53:58.607Z,marketplace
O2000080,C00095,02/12/2025 05:12,cancelled,credit_card,295.14,BRL,2025-12-02,2026-03-28T22:53:58.607Z,
O2000081,C00078,02/12/2025 09:35,paid,PIX,483.04,BRL,2025-12-02,2026-03-28T22:53:58.607Z,
O2000082,C00087,2025-12-02 14:45:00,cancelled,debit_card,138.16,BRL,2025-12-02,2026-03-28T22:53:58.607Z,app
O2000083,C00023,2025-12-02 21:47:00,created,pix,118.38,BRL,2025-12-02,2026-03-28T22:53:58.607Z,web
O2000084,C00027,2025-12-02 19:04:00,DELIVERED,boleto,347.98,BRL,2025-12-02,2026-03-28T22:53:58.607Z,
O2000085,C00039,2025-12-02 18:50:00,paid,pix,107.73,BRL,2025-12-02,2026-03-28T22:53:58.607Z,
O2000086,C00057,2025-12-02 11:26:00,created,pix,159.66,BRL,2025-12-02,2026-03-28T22:53:58.607Z,app
O2000087,C00083,2025-12-02 20:27:00,shipped,credit_card,643.19,BRL,2025-12-02,2026-03-28T22:53:58.607Z,WEB
O2000088,C00025,2025-12-02 02:44:00,paid,boleto,164.66,BRL,2025-12-02,2026-03-28T22:53:58.607Z,web
O2000089,C00112,02/12/2025 05:04,paid,credit_card,NaN,BRL,2025-12-02,2026-03-28T22:53:58.607Z,marketplace
O2000090,C00036,02/12/2025 02:35,paid,boleto,41.57,BRL,2025-12-02,2026-03-28T22:53:58.607Z,WEB
O2000091,C00033,02/12/2025 23:10,delivered,boleto,55.42,BRL,2025-12-02,2026-03-28T22:53:58.607Z,WEB
O2000092,C00079,2025-12-02 10:19:00,shipped,boleto,501.31,BRL,2025-12-02,2026-03-28T22:53:58.607Z,app
O2000093,C00109,2025-12-02 21:14:00,paid,credit_card,145.16,BRL,2025-12-02,2026-03-28T22:53:58.607Z,app
O2000094,C00020,2025-12-02 15:56:00,delivered,credit_card,959.66,BRL,2025-12-02,2026-03-28T22:53:58.607Z,
O2000095,C00039,2025-12-02 05:33:00,delivered,credit_card,583.88,BRL,2025-12-02,2026-03-28T22:53:58.607Z,app
O2000047,C00040,2025-12-02 05:17:00,paid,credit_card,185.34,BRL,2025-12-02,2026-03-28T22:53:58.607Z,app
O000049,C00100,02/12/2025 15:02,created,credit_card,234.74,,2025-12-02,2026-03-28T22:53:58.607Z,app
O2000035,C00043,2025-12-02 12:31:00,cancelled,credit_card,130.25,BRL,2025-12-02,2026-03-28T22:53:58.607Z,
O000008,C00099,02/12/2025 18:02,created,boleto,219.92,BRL,2025-12-02,2026-03-28T22:53:58.607Z,marketplace
O2000094,C00020,2025-12-02 15:56:00,delivered,credit_card,959.66,BRL,2025-12-02,2026-03-28T22:53:58.607Z,marketplace
O2000024,C00026,2025-12-02 03:05:00,delivered,credit_card,65.96,BRL,2025-12-02,2026-03-28T22:53:58.607Z,app
O000001,C00083,,paid,debit_card,48.82,BRL,2025-12-01,2026-03-28T22:51:57.245Z,
O000002,C00080,01/12/2025 05:57,created,credit_card,273.29,BRL,2025-12-01,2026-03-28T22:51:57.245Z,
O000003,C00098,01/12/2025 16:11,created,pix,253.15,BRL,2025-12-01,2026-03-28T22:51:57.245Z,
O000004,C00029,01/12/2025 23:51,paid,credit_card,390.82,BRL,2025-12-01,2026-03-28T22:51:57.245Z,
O000005,C00036,01/12/2025 11:07,shipped,,254.92,BRL,2025-12-01,2026-03-28T22:51:57.245Z,
O000006,C00014,01/12/2025 06:12,paid,credit_card,997.05,BRL,2025-12-01,2026-03-28T22:51:57.245Z,
O000007,C00080,2025-12-01 17:11:00,shipped,credit_card,661.65,USD,2025-12-01,2026-03-28T22:51:57.245Z,
O000008,C00060,2025-12-01 19:05:00,cancelled,,0.0,BRL,2025-12-01,2026-03-28T22:51:57.245Z,
O000009,C00108,2025-12-01 22:51:00,paid,debit_card,267.58,,2025-12-01,2026-03-28T22:51:57.245Z,
O000010,C00070,2025-12-01 11:15:00,shipped,boleto,84.28,BRL,2025-12-01,2026-03-28T22:51:57.245Z,
O000011,C00071,2025-12-01 01:29:00,delivered,credit_card,255.52,BRL,2025-12-01,2026-03-28T22:51:57.245Z,
O000012,C00093,2025-12-01 11:37:00,paid,credit_card,240.81,BRL,2025-12-01,2026-03-28T22:51:57.245Z,
O000013,C00119,01/12/2025 22:19,delivered,pix,951.24,BRL,2025-12-01,2026-03-28T22:51:57.245Z,
O000014,C00055,2025-12-01 20:01:00,cancelled,debit_card,321.35,BRL,2025-12-01,2026-03-28T22:51:57.245Z,
O000015,C00075,01/12/2025 08:59,DELIVERED,pix,449.47,BRL,2025-12-01,2026-03-28T22:51:57.245Z,
O000016,C00093,2025-12-01 12:11:00,created,pix,141.39,,2025-12-01,2026-03-28T22:51:57.245Z,
O000017,C00112,2025-12-01 14:28:00,cancelled,credit_card,394.79,BRL,2025-12-01,2026-03-28T22:51:57.245Z,
O000018,C00059,2025-12-01 00:40:00,shipped,boleto,18.29,BRL,2025-12-01,2026-03-28T22:51:57.245Z,
,C00035,2025-12-01 12:19:00,paid,credit_card,503.43,BRL,2025-12-01,2026-03-28T22:51:57.245Z,
O000020,C00054,2025-12-01 08:21:00,shipped,credit_card,114.82,BRL,2025-12-01,2026-03-28T22:51:57.245Z,
O000021,C00116,01/12/2025 15:58,,credit_card,85.51,BRL,2025-12-01,2026-03-28T22:51:57.245Z,
O000022,C00056,2025-12-01 19:28:00,shipped,pix,200.44,BRL,2025-12-01,2026-03-28T22:51:57.245Z,
,C00117,01/12/2025 20:24,paid,credit_card,383.47,BRL,2025-12-01,2026-03-28T22:51:57.245Z,
O000024,C00017,01/12/2025 15:28,delivered,credit_card,199.2,BRL,2025-12-01,2026-03-28T22:51:57.245Z,
O000025,C00018,2025-12-01 07:40:00,paid,pix,NaN,BRL,2025-12-01,2026-03-28T22:51:57.245Z,
O000026,C00114,2025-12-01 12:11:00,created,credit_card,319.84,BRL,2025-12-01,2026-03-28T22:51:57.245Z,
O000027,C00046,,created,pix,116.87,BRL,2025-12-01,2026-03-28T22:51:57.245Z,
O000028,C00099,2025-12-01 15:24:00,created,credit_card,198.09,BRL,2025-12-01,2026-03-28T22:51:57.245Z,
O000029,C00105,2025-12-01 15:08:00,paid,pix,130.26,,2025-12-01,2026-03-28T22:51:57.245Z,
O000030,C00057,2025-12-01 21:16:00,created,pix,249.38,BRL,2025-12-01,2026-03-28T22:51:57.245Z,
O000031,C00025,2025-12-01 06:29:00,delivered,credit_card,205.69,BRL,2025-12-01,2026-03-28T22:51:57.245Z,
O000032,C00043,01/12/2025 14:42,paid,credit_card,250.39,BRL,2025-12-01,2026-03-28T22:51:57.245Z,
O000033,C00105,01/12/2025 04:15,paid,credit_card,964.74,BRL,2025-12-01,2026-03-28T22:51:57.245Z,
O000034,C00076,2025-12-01 11:48:00,cancelled,credit_card,87.1,USD,2025-12-01,2026-03-28T22:51:57.245Z,
O000035,C00106,2025-12-01 07:29:00,shipped,,537.5,BRL,2025-12-01,2026-03-28T22:51:57.245Z,
O000036,C00112,2025-12-01 00:09:00,delivered,credit_card,9.7,BRL,2025-12-01,2026-03-28T22:51:57.245Z,
O000037,C00018,,paid,boleto,81.09,BRL,2025-12-01,2026-03-28T22:51:57.245Z,
O000038,C00016,2025-12-01 13:17:00,paid,credit_card,0.0,BRL,2025-12-01,2026-03-28T22:51:57.245Z,
O000039,C00022,,created,pix,200.31,USD,2025-12-01,2026-03-28T22:51:57.245Z,
O000040,C00074,01/12/2025 21:14,paid,boleto,322.15,BRL,2025-12-01,2026-03-28T22:51:57.245Z,
O000041,C00044,2025-12-01 14:36:00,paid,pix,169.75,BRL,2025-12-01,2026-03-28T22:51:57.245Z,
O000042,C00027,01/12/2025 17:08,paid,pix,212.78,BRL,2025-12-01,2026-03-28T22:51:57.245Z,
O000043,C00118,01/12/2025 19:02,created,credit_card,209.69,,2025-12-01,2026-03-28T22:51:57.245Z,
O000044,C00068,2025-12-01 16:55:00,created,credit_card,228.95,BRL,2025-12-01,2026-03-28T22:51:57.245Z,
O000045,C00027,2025-12-01 06:13:00,shipped,debit_card,240.58,USD,2025-12-01,2026-03-28T22:51:57.245Z,
O000046,C00084,01/12/2025 18:08,paid,boleto,203.3,BRL,2025-12-01,2026-03-28T22:51:57.245Z,
O000047,C00009,2025-12-01 02:25:00,paid,,171.28,BRL,2025-12-01,2026-03-28T22:51:57.245Z,
O000048,C00081,2025-12-01 03:43:00,shipped,credit_card,188.48,BRL,2025-12-01,2026-03-28T22:51:57.245Z,
O000049,C00079,2025-12-01 21:02:00,delivered,boleto,,BRL,2025-12-01,2026-03-28T22:51:57.245Z,
O000050,C00042,,created,,268.05,BRL,2025-12-01,2026-03-28T22:51:57.245Z,
O000051,C00095,01/12/2025 14:12,delivered,credit_card,132.6,BRL,2025-12-01,2026-03-28T22:51:57.245Z,
O000052,C00027,2025-12-01 21:45:00,delivered,credit_card,102.79,BRL,2025-12-01,2026-03-28T22:51:57.245Z,
O000053,C00077,2025-12-01 01:02:00,created,boleto,46.62,BRL,2025-12-01,2026-03-28T22:51:57.245Z,
O000054,C00040,2025-12-01 20:40:00,cancelled,pix,655.76,BRL,2025-12-01,2026-03-28T22:51:57.245Z,
O000055,C00093,2025-12-01 13:46:00,cancelled,boleto,75.88,BRL,2025-12-01,2026-03-28T22:51:57.245Z,
O000056,C00026,01/12/2025 13:14,created,credit_card,115.05,,2025-12-01,2026-03-28T22:51:57.245Z,
O000057,C00024,2025-12-01 11:28:00,paid,boleto,372.29,BRL,2025-12-01,2026-03-28T22:51:57.245Z,
O000058,C00042,01/12/2025 01:44,delivered,credit_card,63.02,brl,2025-12-01,2026-03-28T22:51:57.245Z,
O000059,C00114,01/12/2025 18:42,delivered,credit_card,146.01,,2025-12-01,2026-03-28T22:51:57.245Z,
O000060,C00089,2025-12-01 08:30:00,paid,credit_card,424.09,BRL,2025-12-01,2026-03-28T22:51:57.245Z,
O000061,C00116,01/12/2025 06:24,paid,boleto,218.96,BRL,2025-12-01,2026-03-28T22:51:57.245Z,
O000062,C00077,2025-12-01 06:44:00,paid,pix,795.72,BRL,2025-12-01,2026-03-28T22:51:57.245Z,
O000063,C00003,01/12/2025 13:42,shipped,pix,353.28,BRL,2025-12-01,2026-03-28T22:51:57.245Z,
O000064,C00107,2025-12-01 08:37:00,delivered,credit_card,72.2,BRL,2025-12-01,2026-03-28T22:51:57.245Z,
O000065,C00018,2025-12-01 07:55:00,paid,debit_card,199.9,BRL,2025-12-01,2026-03-28T22:51:57.245Z,
O000066,C00077,2025-12-01 11:48:00,shipped,credit_card,48.97,BRL,2025-12-01,2026-03-28T22:51:57.245Z,
O000067,C00107,2025-12-01 12:50:00,delivered,boleto,327.21,BRL,2025-12-01,2026-03-28T22:51:57.245Z,
O000068,C00082,2025-12-01 17:26:00,created,credit_card,155.55,BRL,2025-12-01,2026-03-28T22:51:57.245Z,
O000069,C00092,01/12/2025 16:36,paid,credit_card,321.97,BRL,2025-12-01,2026-03-28T22:51:57.245Z,
O000070,C00101,01/12/2025 11:16,delivered,pix,608.58,BRL,2025-12-01,2026-03-28T22:51:57.245Z,
O000071,C00051,2025-12-01 11:53:00,cancelled,credit_card,592.74,BRL,2025-12-01,2026-03-28T22:51:57.245Z,
O000072,C00060,2025-12-01 01:22:00,shipped,boleto,199.07,BRL,2025-12-01,2026-03-28T22:51:57.245Z,
O000073,C00049,01/12/2025 19:28,shipped,pix,383.97,BRL,2025-12-01,2026-03-28T22:51:57.245Z,
O000074,C00041,2025-12-01 18:28:00,created,credit_card,171.65,BRL,2025-12-01,2026-03-28T22:51:57.245Z,
O000075,C00008,2025-12-01 18:21:00,shipped,debit_card,258.16,BRL,2025-12-01,2026-03-28T22:51:57.245Z,
O000076,C00006,2025-12-01 07:36:00,shipped,credit_card,55.53,,2025-12-01,2026-03-28T22:51:57.245Z,
O000077,C00027,2025-12-01 00:00:00,paid,pix,116.94,BRL,2025-12-01,2026-03-28T22:51:57.245Z,
O000078,C00040,01/12/2025 00:50,paid,debit_card,331.9,BRL,2025-12-01,2026-03-28T22:51:57.245Z,
O000079,C00083,01/12/2025 11:24,paid,pix,41.96,BRL,2025-12-01,2026-03-28T22:51:57.245Z,
O000080,C00008,2025-12-01 11:56:00,created,credit_card,239.99,BRL,2025-12-01,2026-03-28T22:51:57.245Z,
O000081,C00027,2025-12-01 07:28:00,paid,,254.65,BRL,2025-12-01,2026-03-28T22:51:57.245Z,
O000082,C00018,2025-12-01 14:40:00,paid,pix,339.11,BRL,2025-12-01,2026-03-28T22:51:57.245Z,
O000083,C00070,2025-12-01 08:07:00,paid,credit_card,55.84,BRL,2025-12-01,2026-03-28T22:51:57.245Z,
O000084,C00014,01/12/2025 00:33,created,credit_card,45.49,BRL,2025-12-01,2026-03-28T22:51:57.245Z,
O000085,C00028,2025-12-01 22:51:00,cancelled,boleto,427.95,BRL,2025-12-01,2026-03-28T22:51:57.245Z,
O000086,C00035,2025-12-01 01:34:00,shipped,pix,254.8,BRL,2025-12-01,2026-03-28T22:51:57.245Z,
O000087,C00050,2025-12-01 18:15:00,delivered,pix,173.46,BRL,2025-12-01,2026-03-28T22:51:57.245Z,
O000088,C00016,01/12/2025 02:33,delivered,debit_card,53.36,BRL,2025-12-01,2026-03-28T22:51:57.245Z,
O000089,C00097,2025-12-01 04:09:00,shipped,boleto,164.56,BRL,2025-12-01,2026-03-28T22:51:57.245Z,
O000090,C00111,2025-12-01 11:13:00,created,credit_card,88.8,BRL,2025-12-01,2026-03-28T22:51:57.245Z,
O000091,C00056,,shipped,credit_card,413.56,BRL,2025-12-01,2026-03-28T22:51:57.245Z,
O000092,C00059,01/12/2025 01:57,shipped,credit_card,69.85,BRL,2025-12-01,2026-03-28T22:51:57.245Z,
O000093,C00050,2025-12-01 12:50:00,delivered,boleto,188.92,BRL,2025-12-01,2026-03-28T22:51:57.245Z,
O000094,C00026,2025-12-01 22:09:00,shipped,credit_card,386.35,BRL,2025-12-01,2026-03-28T22:51:57.245Z,
O000095,C00084,2025-12-01 04:27:00,created,pix,341.51,BRL,2025-12-01,2026-03-28T22:51:57.245Z,
O000096,C00064,2025-12-01 17:57:00,paid,boleto,157.54,BRL,2025-12-01,2026-03-28T22:51:57.245Z,
O000097,C00097,2025-12-01 03:55:00,paid,debit_card,344.62,BRL,2025-12-01,2026-03-28T22:51:57.245Z,
O000098,C00094,01/12/2025 06:28,delivered,credit_card,386.77,BRL,2025-12-01,2026-03-28T22:51:57.245Z,
O000099,C00095,2025-12-01 16:29:00,shipped,boleto,246.67,BRL,2025-12-01,2026-03-28T22:51:57.245Z,
O000100,C00108,2025-12-01 12:42:00,paid,credit_card,305.5,BRL,2025-12-01,2026-03-28T22:51:57.245Z,
O000101,C00013,2025-12-01 06:40:00,,boleto,190.82,BRL,2025-12-01,2026-03-28T22:51:57.245Z,
O000102,C00084,01/12/2025 10:23,delivered,credit_card,464.79,BRL,2025-12-01,2026-03-28T22:51:57.245Z,
O000103,C00020,2025-12-01 12:46:00,paid,credit_card,211.07,BRL,2025-12-01,2026-03-28T22:51:57.245Z,
O000104,C00051,2025-12-01 22:06:00,created,boleto,63.58,BRL,2025-12-01,2026-03-28T22:51:57.245Z,
O000105,C00023,01/12/2025 15:18,paid,credit_card,316.6,BRL,2025-12-01,2026-03-28T22:51:57.245Z,
O000106,C00026,2025-12-01 20:30:00,paid,credit_card,92.87,BRL,2025-12-01,2026-03-28T22:51:57.245Z,
O000107,C00007,2025-12-01 20:52:00,paid,boleto,505.63,BRL,2025-12-01,2026-03-28T22:51:57.245Z,
O000108,C00021,01/12/2025 14:12,paid,boleto,298.68,BRL,2025-12-01,2026-03-28T22:51:57.245Z,
O000109,C00105,2025-12-01 09:37:00,paid,pix,33.2,BRL,2025-12-01,2026-03-28T22:51:57.245Z,
O000110,C00110,2025-12-01 01:14:00,paid,pix,398.52,BRL,2025-12-01,2026-03-28T22:51:57.245Z,
O000024,C00017,01/12/2025 15:28,delivered,credit_card,199.2,BRL,2025-12-01,2026-03-28T22:51:57.245Z,
O000081,C00027,2025-12-01 07:28:00,paid,,254.65,BRL,2025-12-01,2026-03-28T22:51:57.245Z,
O000097,C00097,2025-12-01 03:55:00,paid,debit_card,344.62,BRL,2025-12-01,2026-03-28T22:51:57.245Z,
O000068,C00082,2025-12-01 17:26:00,created,credit_card,155.55,BRL,2025-12-01,2026-03-28T22:51:57.245Z,
,C00035,2025-12-01 12:19:00,paid,credit_card,503.43,BRL,2025-12-01,2026-03-28T22:51:57.245Z,
O000016,C00093,2025-12-01 12:11:00,created,pix,141.39,,2025-12-01,2026-03-28T22:51:57.245Z,
